Gender,Age,Treatment,Evacuation Time,Collisions,Clicks,Route Choice,Indecisive Time,"Clicks Positions (player.x, player.y, target_x, target_y)","Collision Positions (player.x, player.y, agent.x, agent.y)"
Male,23,H,52.816,1,32,B,27.692,"[(450, 375, 112, 377), (396.6142679165896, 375.31589190581826, 112, 377), (354.66833556533857, 375.5640926889612, 112, 377), (234.55043837766516, 376.27484947705324, 384, 285), (361.47145655436594, 298.75908627376083, 463, 317), (462.80892196460564, 316.9656703638177, 581, 390), (577.1584975722473, 387.6262036080027, 647, 382), (646.5271149457989, 382.0380940773843, 752, 394), (751.6730653555447, 393.9629216413507, 736, 426), (736.1722841881274, 425.64783646914105, 751, 453), (750.711161838232, 452.46719044693947, 768, 493), (767.9165614672363, 492.80438256600854, 780, 515), (779.7681218205154, 514.5740716229759, 788, 544), (787.986797727807, 543.9528067462254, 792, 579), (791.8912157829492, 578.0499902024978, 801, 600), (800.6608103779447, 599.1826334503141, 766, 622), (766.420722597474, 621.7230364317043, 777, 665), (776.1551192317462, 661.5438212047882, 694, 664), (694.2050687347429, 663.9938690919988, 694, 664), (694.2050687347429, 663.9938690919988, 578, 663), (628.4274744724447, 663.4312919290986, 524, 658), (546.5514727255535, 659.1729061956385, 476, 696), (487.3927743205069, 690.0530969463194, 384, 670), (384.44452780090774, 670.0862164609231, 275, 678), (275.09668642452243, 677.9930087373922, 169, 656), (169.61251218259028, 656.1269689585739, 120, 654), (120.08467344699484, 654.0036300881662, 111, 477), (111.63097474969007, 489.29376287884884, 129, 418), (125.62168887296984, 431.8667834809653, 124, 393), (124.03198585344802, 393.7666003393988, 53, 384), (53.19840874103892, 384.0272803703048, 30, 380), (30.655579572773718, 380.11380964850116, 12, 369)]","[(791.901718155034, 604.9487830502047, 777.9850883690231, 599.5828821686773)]"
