Gender,Age,Treatment,Evacuation Time,Collisions,Clicks,Route Choice,Indecisive Time,"Clicks Positions (player.x, player.y, target_x, target_y)","Collision Positions (player.x, player.y, agent.x, agent.y)"
Male,35,HA,61.116,8,32,A,25.377,"[(450, 375, 533, 380), (532.7899148276225, 379.9873442667243, 566, 361), (565.894559499398, 361.06028394911345, 620, 337), (619.9019407921115, 337.043606194937, 643, 308), (642.4510188360616, 308.6902914478815, 671, 290), (670.3673079230563, 290.41420740190125, 700, 259), (699.8044020110253, 259.20735732606033, 725, 254), (724.0780591451066, 254.19054421597866, 725, 254), (724.0780591451066, 254.19054421597866, 744, 254), (743.1438537580702, 254.00818864565554, 779, 255), (778.4037006208483, 254.98350585445405, 775, 229), (775.0604602959438, 229.4615477765567, 781, 201), (780.9030268688142, 201.46468338352898, 788, 154), (787.9518426363845, 154.32207731019113, 774, 121), (774.3289177627892, 121.7855753111616, 773, 97), (773.0528887654483, 97.98642558316236, 739, 98), (739.686224749827, 97.99972645196527, 627, 92), (627.3520008310647, 92.01874149836807, 496, 85), (496.9313935823833, 85.04976864262916, 391, 90), (391.22674655855946, 89.98940401059215, 283, 81), (283.8697767091841, 81.07224438030786, 194, 77), (194.3483009180235, 77.01578246333767, 144, 89), (144.26745867138382, 88.93633781395823, 108, 81), (108.87820420953173, 81.19217572809929, 84, 147), (89.66260906619098, 132.02126684024884, 84, 147), (84.26875779788485, 146.2890818892735, 54, 212), (54.354467733375614, 211.23048047243066, 56, 264), (55.98872219199603, 263.63833920381626, 52, 313), (52.07269498628827, 312.10037724313173, 48, 350), (48.10020135762872, 349.067547737643, 48, 350), (48.10020135762872, 349.067547737643, 46, 359), (46.12799996776916, 358.39465158193883, 11, 373)]","[(778.4037006208483, 254.98350585445405, 767.6975926050387, 264.92295947467), (778.4037006208483, 254.98350585445405, 766.6950071905965, 263.58901724569097), (778.4037006208483, 254.98350585445405, 764.0332464590764, 257.16318903573006), (778.4037006208483, 254.98350585445405, 763.9100018516702, 256.5702223462539), (783.7225531758421, 182.60764095419384, 790.9556364021522, 169.494504331272), (787.9518426363845, 154.32207731019113, 792.0064481527793, 168.6579702375241), (787.9518426363845, 154.32207731019113, 792.9176435365642, 167.67759803184927), (739.686224749827, 97.99972645196527, 754.257743868131, 101.26443053123718)]"
