Gender,Age,Treatment,Evacuation Time,Collisions,Clicks,Route Choice,Indecisive Time,"Clicks Positions (player.x, player.y, target_x, target_y)","Collision Positions (player.x, player.y, agent.x, agent.y)"
Male,23,C,40.183,4,36,B,11.219,"[(450, 375, 640, 393), (639.816760115832, 392.9826404320262, 744, 440), (680.6571097965601, 411.41367989629697, 788, 470), (765.1749446095051, 457.5423887044781, 813, 481), (807.1149761922277, 478.1134669929717, 835, 517), (834.8924662727233, 516.8500408726941, 841, 558), (840.490940018572, 554.5701708145207, 798, 585), (808.7128354467485, 577.3280173939612, 810, 597), (809.9577313385201, 596.3539999440537, 828, 646), (822.9826329611085, 632.1939643529778, 801, 641), (801.743414342381, 640.7021952187849, 801, 641), (801.743414342381, 640.7021952187849, 828, 665), (817.1368684444211, 654.9472744365178, 770, 673), (779.7453256719604, 669.2676839661058, 771, 675), (771.7721580110998, 674.4938720507665, 660, 666), (763.2168255263721, 673.8437289313162, 658, 685), (674.1030285946874, 683.2925758201658, 599, 642), (634.0042123956147, 661.2457497576, 508, 668), (539.7595129178496, 666.2975831224559, 456, 689), (456.94746969786837, 688.7431951152706, 342, 636), (412.75732407988664, 668.466720316585, 308, 689), (365.980747229436, 677.6353063179872, 262, 639), (328.4478755920602, 663.6895131654919, 223, 665), (253.14035768059392, 664.6254211694063, 146, 660), (192.18380293471336, 661.9938288839289, 146, 660), (150.27617154692047, 660.1846091876613, 109, 678), (118.76593523967962, 673.7848815327969, 119, 586), (118.99979062091667, 586.0785266351089, 116, 525), (116.7082894286058, 539.4214314255197, 112, 466), (114.2069201886575, 500.4148850129427, 115, 408), (114.5423391507886, 461.329657557664, 120, 392), (119.92904517595437, 392.90135202407447, 88, 389), (88.70129591537592, 389.085690073845, 116, 373), (115.8057502792058, 373.11446114057065, 43, 363), (79.92368822318946, 368.1295839719772, 22, 406), (48.80447766157608, 388.4752747693409, 6, 391)]","[(801.743414342381, 640.7021952187849, 802.5853980616337, 626.096857079417), (797.550822230275, 662.4484413329685, 788.3252285806942, 651.1246582714876), (766.0686030212813, 674.0604433044663, 758.8996846209743, 661.8405490231537), (87.47780655077185, 369.17903179694423, 85.80805887137049, 354.4736284816843)]"
