Gender,Age,Treatment,Evacuation Time,Collisions,Clicks,Route Choice,Indecisive Time,"Clicks Positions (player.x, player.y, target_x, target_y)","Collision Positions (player.x, player.y, agent.x, agent.y)"
Male,21,A,37.594,4,37,A,12.334,"[(450, 375, 477, 310), (466.45671148334924, 335.3819908734198, 526, 360), (496.41083582056484, 347.7664413242226, 680, 364), (641.7039416791862, 360.6137363684804, 807, 345), (689.1593669463599, 356.1311340190793, 765, 201), (715.1192671885282, 303.03045959905666, 834, 325), (750.7427305431787, 309.6137897895987, 756, 137), (751.9326348813961, 270.54523928184466, 848, 299), (783.9254065609184, 280.0213674313727, 763, 116), (776.686654921912, 223.28125397793656, 812, 228), (799.365081800457, 226.3116589532554, 798, 224), (798.3955775920974, 224.66987962345775, 795, 195), (795.035272751218, 195.30820626365957, 794, 141), (794.3448123063193, 159.08812009380327, 786, 86), (789.6946232834026, 118.35939411533825, 777, 92), (777.2850658011562, 92.5919168795899, 451, 63), (712.7233750461219, 86.73659468843265, 260, 85), (467.71851087505274, 85.79678426729777, 491, 87), (489.6159535731575, 86.92847079382982, 449, 85), (449.62101068464244, 85.02948597441723, 406, 80), (415.5268861537352, 81.09844635734109, 268, 87), (366.94574182974816, 83.04184960216382, 140, 78), (252.5739627388574, 80.50095456593617, 263, 77), (262.51513862193264, 77.16281139352125, 210, 83), (217.9827237192673, 82.1127003533546, 241, 83), (238.94049071260343, 82.9206073802703, 220, 82), (220.8485156536259, 82.04124231968726, 145, 78), (145.64185520240278, 78.03419832787377, 77, 95), (107.6970343776569, 87.4127954345333, 132, 237), (117.17562851360098, 145.75449833777773, 97, 302), (97.27526177702745, 299.8682986549293, 93, 280), (93.06375520844462, 280.2962877101448, 97, 295), (96.7617092806959, 294.10987289573376, 92, 325), (92.11400597550117, 324.2604212339981, 92, 375), (92.0433191660519, 355.72034182154925, 95, 411), (93.01074384466797, 373.80782185431383, 89, 373), (89.27248318333983, 373.0548820565361, 2, 370)]","[(450, 375, 435.1727435436023, 376.75693837196076), (779.5821555775141, 245.97729935931102, 773.0384107947809, 232.78765641675264), (781.4215849619054, 101.18107595817266, 768.0163741166086, 94.51188430500244), (92.50157296118583, 364.28809552127984, 94.24729335382634, 378.7245211711824)]"
