Gender,Age,Treatment,Evacuation Time,Collisions,Clicks,Route Choice,Indecisive Time,"Clicks Positions (player.x, player.y, target_x, target_y)","Collision Positions (player.x, player.y, agent.x, agent.y)"
Male,22,H,30.527,8,20,B,8.781,"[(450, 375, 746, 294), (484.9419920145356, 365.43817110412965, 768, 410), (533.9121955384421, 373.1475514038051, 788, 574), (553.3572607323024, 388.51857232145926, 788, 574), (637.1206184904697, 454.73220088981566, 813, 648), (787.9068671322403, 620.4260199205423, 641, 654), (761.8844619829389, 626.3731599634643, 641, 654), (756.3082323080886, 627.647547115519, 653, 670), (756.3082323080886, 627.647547115519, 735, 672), (756.3082323080886, 627.647547115519, 789, 686), (768.4231416468162, 649.2717885162906, 677, 678), (677.4743817657065, 677.8509333693445, 148, 664), (432.55150530353455, 671.443804791764, 55, 654), (320.17804795491475, 666.251875674204, 57, 664), (162.88380585834648, 664.9059918506, 53, 341), (158.28975065624664, 651.3640327308846, 87, 639), (135.74628333798083, 647.454239735049, 99, 443), (99.15157035334084, 443.8433288633206, 16, 377), (66.45858860758887, 417.56231311018826, 21, 369), (48.216572243359394, 398.0748072817952, 17, 387)]","[(737.8586654553948, 565.4297736039607, 752.0628296220501, 568.792417044921), (739.141952677878, 566.8399337659243, 753.9737221006321, 568.1145075794008), (760.9578354600927, 590.8126565193061, 756.0141582053907, 604.6560252662779), (188.62286365596674, 665.1262273853707, 184.14649560645313, 651.0949027024391), (158.28975065624664, 651.3640327308846, 173.12139123705595, 652.138123057737), (158.28975065624664, 651.3640327308846, 173.1228010750669, 651.6956021851861), (158.28975065624664, 651.3640327308846, 172.67894462559858, 651.1038796998089), (158.28975065624664, 651.3640327308846, 173.2800164379013, 651.291802804862)]"
