Gender,Age,Treatment,Evacuation Time,Collisions,Clicks,Route Choice,Indecisive Time,"Clicks Positions (player.x, player.y, target_x, target_y)","Collision Positions (player.x, player.y, agent.x, agent.y)"
Male,22,HA,32.135,6,24,A,12.255,"[(444.05262719822906, 412.66669441121593, 520, 363), (491.1268805147723, 381.8819224321852, 594, 350), (541.2101668784243, 366.3603609301625, 653, 320), (598.4498503609137, 342.62249218416906, 593, 304), (593.2550055829099, 305.80719661653313, 684, 244), (644.4704687527169, 270.92390390956916, 701, 311), (695.8000154360366, 307.31351832473985, 728, 246), (725.941269788036, 249.92012587230334, 767, 219), (766.3030350271897, 219.52486388586863, 763, 171), (763.8428179604985, 183.38183261063494, 792, 128), (776.8045493179148, 157.88764660248393, 771, 109), (771.0720436080984, 109.60677276732095, 675, 105), (692.9884283629175, 105.8625672859343, 620, 64), (639.2355028104961, 75.03253692050008, 515, 75), (551.5288391517314, 75.00956679780381, 437, 100), (491.91810263731156, 88.01675468192914, 340, 85), (393.74412391841855, 86.06723843072288, 277, 81), (298.5004661836744, 81.93322031865604, 195, 63), (226.29201239401527, 68.72421155880224, 139, 110), (162.51568447880373, 98.88067314548915, 126, 138), (162.51568447880373, 98.88067314548915, 99, 79), (127.03321549505179, 87.77451292617607, 93, 157), (93.384874743221, 156.21714298298494, 88, 333), (88.01516784469653, 332.5020469280886, 14, 379)]","[(594.3206147681415, 313.35905211758666, 580.4156457803334, 308.4171836917642), (764.0184068061056, 221.24535041340278, 762.9684272220405, 206.29835158297266), (766.0440648096433, 215.7203342779493, 770.6988806592009, 201.79558530884424), (764.2960158412047, 190.03975942449378, 761.17958366353, 175.66323649643172), (249.73631557247603, 73.012850766547, 248.67965265160902, 58.32736623360966), (247.86077131819917, 72.66975962992743, 248.92317647986263, 57.93214345546875)]"
