,Treatment,Evacuation Time,Collisions,Clicks,Route Choice,Indecisive Time,"Clicks Positions (player.x, player.y, target_x, target_y)","Collision Positions (player.x, player.y, agent.x, agent.y)"
0,C,64.839,0,25,A,29.936,"[(451.90666666666664, 375.0, 452, 375), (451.90666666666664, 375.0, 452, 376), (451.99525941052684, 375.94920796993057, 452, 376), (451.99525941052684, 375.94920796993057, 452, 376), (451.99525941052684, 375.94920796993057, 263, 285), (325.71621927404624, 315.18060076021817, 724, 383), (458.22884682874167, 337.7447302260557, 724, 383), (599.1997272060772, 361.749123274822, 679, 273), (678.8772289775123, 273.1365386386268, 679, 273), (678.8772289775123, 273.1365386386268, 673, 271), (673.5014239204619, 271.18228174952816, 673, 271), (673.5014239204619, 271.18228174952816, 733, 219), (732.2735677410132, 219.6371058823277, 734, 221), (733.7701107333241, 220.8185189557032, 806, 118), (805.5591921215946, 118.6274855695031, 712, 67), (712.0744879544112, 67.04110366607775, 524, 86), (524.2663011903979, 85.97315544113788, 168, 88), (168.67872231566497, 87.99613866192821, 168, 88), (168.67872231566497, 87.99613866192821, 83, 142), (95.28761174223176, 134.25503762464214, 140, 267), (117.19804487256202, 199.30411540473975, 88, 278), (92.98979449704788, 264.55128130641515, 138, 321), (116.16921075338863, 293.62131849275676, 138, 321), (137.56559499001085, 320.4551989724563, 121, 380), (121.2124991794024, 379.23617465212317, 12, 370)]",[]
