Gender,Age,Treatment,Evacuation Time,Collisions,Clicks,Route Choice,Indecisive Time,"Clicks Positions (player.x, player.y, target_x, target_y)","Collision Positions (player.x, player.y, agent.x, agent.y)"
Female,25,A,27.928,2,18,B,9.378,"[(450, 375, 490, 410), (489.4601046924643, 409.52759160590625, 554, 427), (553.874677330449, 426.96607232080254, 683, 485), (610.3952775336438, 452.3686220048117, 746, 486), (668.6892239853598, 466.82612549209193, 746, 524), (710.8467449692172, 498.0030058514238, 769, 495), (753.689659697081, 495.7906185387667, 734, 534), (735.7853235683637, 530.5354348269692, 761, 558), (760.929796485666, 557.9235322729589, 781, 620), (777.0601201563104, 607.8140835098889, 811, 664), (793.3265494134735, 634.74241207335, 721, 648), (775.5100563831495, 638.0082076188254, 746, 683), (758.255785491482, 664.3145136308253, 669, 696), (730.4052889301136, 674.2013408466847, 589, 640), (689.6342246067054, 664.3401462749875, 434, 643), (619.3320927175237, 658.4713789756695, 125, 668), (142.75395519804508, 667.6577792272491, 117, 354), (122.93835106194555, 426.32326033179436, 12, 375)]","[(773.418629608402, 641.1968507717951, 767.2647235522699, 654.8456949296798), (765.0529225094117, 653.9514233836738, 773.5500156723364, 666.2452574075687)]"
