Gender,Age,Treatment,Evacuation Time,Collisions,Clicks,Route Choice,Indecisive Time,"Clicks Positions (player.x, player.y, target_x, target_y)","Collision Positions (player.x, player.y, agent.x, agent.y)"
Male,23,A,36.009,6,34,A,12.935,"[(450, 375, 521, 349), (520.7206302389816, 349.10230441952785, 558, 334), (557.8310659032653, 334.06843715899925, 634, 291), (629.1990153953171, 293.7146356477238, 674, 240), (673.7743537927099, 240.27054101415013, 759, 214), (758.5005023285939, 214.15396860742166, 772, 182), (771.7859966890312, 182.50972679949047, 780, 134), (779.9031289454346, 134.57209477691254, 772, 103), (772.0322692515324, 103.12891196319782, 712, 113), (741.9298302420498, 108.07864698554152, 674, 97), (741.9298302420498, 108.07864698554152, 600, 92), (740.0352818447025, 107.86402138621528, 688, 69), (724.7590887479257, 96.45456468364702, 732, 70), (731.8061456906498, 70.70824391949807, 600, 85), (691.9994672639925, 75.02448680383229, 600, 85), (635.1327837973392, 81.19054806716655, 547, 83), (575.0854380699416, 82.42337858841505, 494, 84), (525.521473108216, 83.38709797208917, 436, 80), (483.604798243707, 81.80115574503621, 325, 95), (440.8525789957209, 85.35892883675058, 241, 79), (380.8229580425772, 83.44890050658663, 192, 85), (336.0178030576973, 83.81695560920659, 149, 81), (272.1517142474129, 82.85497266335464, 121, 94), (207.50055414536155, 87.62196422723326, 91, 111), (163.56966262289993, 96.437527046447, 106, 151), (161.49384831308612, 98.40490981326491, 89, 195), (161.49384831308612, 98.40490981326491, 81, 119), (106.07893544173453, 112.58332409203683, 116, 234), (110.5043562053781, 166.7428223454804, 104, 248), (107.15737620797344, 208.55574581827048, 80, 314), (94.55538686278807, 257.4856335045128, 79, 364), (87.39167381026876, 306.53863130361736, 80, 378), (81.50653683095291, 363.4350737471879, 18, 384), (44.32094917956931, 375.4766509749582, 18, 384)]","[(732.0805205270817, 222.29784602457391, 746.6188442128374, 224.8651773400774), (762.1909174287155, 205.3639014385519, 758.2944922353286, 191.24907444215438), (774.8100263531818, 164.6506089871575, 785.2366802951824, 154.1738521535254), (773.4212444916328, 108.67770893032393, 775.8521791716081, 94.17267083479835), (747.5740375563278, 107.15057166885208, 733.9444819422683, 113.40086479473518), (82.97782107578185, 349.2109631362953, 85.93142543871174, 363.8813670592933)]"
