Gender,Age,Treatment,Evacuation Time,Collisions,Clicks,Route Choice,Indecisive Time,"Clicks Positions (player.x, player.y, target_x, target_y)","Collision Positions (player.x, player.y, agent.x, agent.y)"
Female,23,A,44.104,6,35,B,13.901,"[(450, 375, 507, 401), (506.37845369256297, 400.71648764923924, 561, 451), (543.5518467245812, 434.9375761025827, 702, 429), (638.8183146192274, 431.3676266178093, 786, 422), (785.3351852354418, 422.0423132570352, 772, 505), (774.7439766844976, 487.92982405542546, 837, 498), (834.9744495751432, 497.67235862368614, 811, 547), (814.5546592679037, 539.686257215934, 859, 538), (853.6132247094935, 538.2043743743351, 809, 569), (812.0311771701632, 566.907638420104, 808, 622), (808.0656528415333, 621.1027509008359, 828, 642), (827.8065080273223, 641.7971616567329, 821, 689), (821.1395409358877, 688.0322896538813, 794, 685), (794.6112768354017, 685.0682977073203, 696, 701), (729.6733177842477, 695.5597167853248, 645, 682), (667.544925826827, 685.6103794814892, 606, 681), (607.6527370622686, 681.1238078515461, 544, 680), (544.7425411493554, 680.0131097830549, 474, 662), (481.9204581119356, 664.0167791428524, 423, 674), (432.1038099878537, 672.4574908501631, 378, 655), (386.74017155948087, 657.8201611875902, 356, 666), (356.33810583232156, 665.9100313671128, 271, 663), (292.50187646877464, 663.7332144809831, 271, 663), (271.5407265285055, 663.0184387870299, 218, 665), (218.1905859693868, 664.9929463459098, 218, 665), (218.1905859693868, 664.9929463459098, 134, 675), (168.0171055171627, 670.9566619456613, 134, 675), (134.88367502984488, 674.8949647002141, 52, 615), (82.34043565653167, 636.925177931394, 55, 586), (61.146184692701176, 597.448081991343, 64, 537), (63.97852354054562, 537.4549035737043, 65, 512), (64.97238451132243, 512.6881701432492, 58, 454), (58.1117875656067, 454.9409417480593, 60, 429), (59.98042997011391, 429.2688601113073, 57, 395), (57.00677761075829, 395.07792868723436, 23, 378)]","[(450, 375, 444.3421913556066, 388.88737505208616), (450, 375, 445.27730605460863, 389.0141923711502), (59.772803036279775, 432.12131362650194, 46.03072056969794, 426.8259359131608), (57.00677761075829, 395.07792868723436, 68.20860056219048, 385.1185644854573), (57.00677761075829, 395.07792868723436, 71.92735799814609, 396.1887045290622), (57.00677761075829, 395.07792868723436, 71.90504475901385, 394.70887556305024)]"
