Gender,Age,Treatment,Evacuation Time,Collisions,Clicks,Route Choice,Indecisive Time,"Clicks Positions (player.x, player.y, target_x, target_y)","Collision Positions (player.x, player.y, agent.x, agent.y)"
Male,20,H,33.908,7,34,B,12.516,"[(404.57957386252167, 440.95294754209294, 492, 432), (449.15309938222805, 436.3880597535518, 440, 391), (444.25318400049133, 412.0905357295647, 485, 391), (484.8920811790695, 391.0558587387234, 584, 390), (583.0798425270673, 390.00980301393025, 655, 451), (654.3346398083869, 450.43575694799546, 660, 483), (658.5830820310315, 474.8556173719467, 662, 483), (661.9024623141515, 482.7675143970622, 727, 498), (726.880608481953, 497.97206300507804, 740, 519), (739.4962938513311, 518.1926530172079, 783, 552), (782.4034881612076, 551.5364421908221, 794, 590), (789.283205159023, 574.3552342668228, 794, 590), (793.9614127175387, 589.8720128785033, 794, 643), (793.9898016690314, 628.9586692356079, 755, 635), (759.132421473989, 634.3596960252794, 754, 664), (755.2286841204792, 656.904212757177, 754, 664), (754.0900940590391, 663.4796968039805, 694, 683), (719.6357870847362, 674.6721991469844, 668, 681), (691.2481515295099, 678.151013252919, 632, 689), (632.1704130222147, 688.9687955054832, 440, 683), (608.3485675996715, 688.2288911588439, 440, 683), (494.9565833883647, 684.7069464688464, 472, 708), (480.2344791101366, 699.6448297436632, 373, 677), (373.89953185065747, 677.1899551876987, 296, 681), (317.72002027508006, 679.9376797445873, 227, 675), (227.2872023674271, 675.0156317570029, 132, 675), (143.39387016296374, 675.0018691514214, 101, 662), (111.4937563721219, 665.2183531895713, 88, 556), (88.03714474508573, 556.1726794056962, 80, 481), (85.09803089264892, 528.682685088852, 72, 457), (72.0748065783794, 457.40940019492194, 44, 441), (46.56009766482497, 442.4963475172275, 77, 405), (75.40124354243362, 406.96937319536164, 15, 390), (19.415421205916317, 391.24048655066633, 17, 361)]","[(418.09755783200984, 421.32409410694623, 408.3646873486983, 432.2855164820883), (738.4870390217808, 516.5750058162375, 727.7716008117912, 527.0483054116708), (739.4962938513311, 518.1926530172079, 728.3216463483049, 528.1245436741423), (739.4962938513311, 518.1926530172079, 728.6612921432197, 527.8126850173978), (772.6176368273767, 543.9317183442083, 765.719530820373, 557.2277297080392), (786.5313183598969, 565.2277174364225, 783.6154728919759, 578.5247428797824), (793.9614127175387, 589.8720128785033, 779.8035264671996, 594.3292996869374)]"
