Gender,Age,Treatment,Evacuation Time,Collisions,Clicks,Route Choice,Indecisive Time,"Clicks Positions (player.x, player.y, target_x, target_y)","Collision Positions (player.x, player.y, agent.x, agent.y)"
Male,23,HA,28.205,0,25,B,9.573,"[(450, 375, 598, 369), (487.1494842865001, 373.49393982622246, 620, 463), (619.1851132854617, 462.45098218915786, 678, 500), (647.3089692344047, 480.4060141024543, 679, 504), (675.6021483939331, 501.4702980326368, 709, 513), (699.9330834851597, 509.86989311731406, 726, 517), (725.6805861843035, 516.9126304546061, 743, 527), (742.1564348133601, 526.5086811907253, 785, 540), (784.8942315945701, 539.9666938250497, 774, 559), (774.4755291484616, 558.1692032798077, 795, 585), (791.2730126740967, 580.1278627330581, 783, 604), (783.1566392582417, 603.5480106194146, 765, 640), (773.3806214460191, 623.174731864855, 756, 654), (761.6748829474818, 643.9353547837754, 720, 664), (738.4828739355739, 655.1012993471194, 643, 657), (643.1683835152526, 656.9966516519961, 543, 655), (611.7146315380118, 656.3696855011715, 412, 664), (565.9879930704932, 658.1167214083291, 299, 677), (477.5489173437392, 664.3717581466174, 205, 684), (293.0800054613142, 677.6567143010845, 118, 684), (262.5933416915146, 678.761270002856, 93, 683), (150.1351277745543, 681.5719935843416, 88, 423), (133.65191744512043, 612.9780000060883, 55, 401), (95.84596897217035, 511.0856418036235, 104, 381), (101.1539122496583, 426.4051683601677, 12, 381)]",[]
