Gender,Age,Treatment,Evacuation Time,Collisions,Clicks,Route Choice,Indecisive Time,"Clicks Positions (player.x, player.y, target_x, target_y)","Collision Positions (player.x, player.y, agent.x, agent.y)"
Male,23,C,36.487,4,35,A,15.433,"[(450, 375, 690, 383), (545.2804144653442, 378.1760138155107, 773, 308), (772.1328471970431, 308.2672292193822, 756, 178), (768.617755277821, 279.8840629266763, 790, 375), (774.6814500483013, 306.85756443293707, 782, 234), (777.6352207658392, 277.4522120347877, 831, 264), (819.2338920539698, 266.96600456678857, 769, 183), (806.9978505758116, 246.51344808299916, 811, 317), (808.727200451838, 276.9710589564316, 797, 182), (805.4559043424879, 250.47893434911867, 829, 307), (816.0867951796556, 275.999951918683, 808, 221), (811.5103480553021, 244.87459679270842, 842, 235), (831.4633364926972, 238.41247921963094, 814, 328), (825.6265174823288, 268.3555628108595, 810, 207), (815.9795807333578, 230.47807447712108, 840, 198), (831.2853401104153, 209.78311543170108, 786, 174), (792.3892602178453, 179.04860149754668, 812, 131), (807.1593909972606, 142.8600570688171, 763, 147), (785.3284512016907, 144.90670768710476, 773, 71), (779.5246652537251, 110.11412064453731, 741, 131), (764.439025771946, 118.29269517961316, 736, 63), (752.2299381310522, 94.55512530775405, 685, 115), (713.9221122413601, 106.2046779002379, 695, 62), (705.6686954361348, 86.92355184001187, 648, 101), (651.0262960048648, 100.2613063550843, 655, 67), (653.74045208406, 77.54286105665399, 617, 89), (617.3361140923162, 88.89518621470219, 582, 89), (582.0629359308099, 88.9998133197917, 465, 89), (490.54293593092586, 88.99995926669219, 133, 83), (163.59563433742832, 83.51342801469505, 131, 158), (156.3340183600878, 100.1074563936655, 106, 140), (123.46014719873962, 126.1618502517366, 158, 198), (143.70186025535736, 168.26183319288057, 90, 337), (124.33115617847666, 229.12708218339202, 123, 410), (123.4892383023292, 343.5239841269732, 11, 368)]","[(794.8201641562863, 144.01685959219708, 781.1944880409909, 148.23305336820974), (779.6815243333998, 111.05446083487696, 784.0471650261742, 96.92012198659523), (766.1152079365881, 117.38396467571584, 756.012579281045, 127.77475079113107), (752.2299381310522, 94.55512530775405, 763.932366723145, 85.23964932603238)]"
