Gender,Age,Treatment,Evacuation Time,Collisions,Clicks,Route Choice,Indecisive Time,"Clicks Positions (player.x, player.y, target_x, target_y)","Collision Positions (player.x, player.y, agent.x, agent.y)"
Male,21,C,27.446,4,13,B,8.085,"[(450, 375, 656, 473), (518.0096353258834, 407.3540983589135, 736, 485), (726.360667130207, 481.5665698435225, 784, 569), (775.1589771974384, 555.589002487836, 801, 625), (800.4376471158242, 623.4894764056861, 703, 672), (763.7407689479893, 641.7594657464815, 593, 685), (762.8166113534975, 641.9935110091712, 736, 697), (744.4349627403993, 679.6981239724262, 604, 678), (623.3704797312919, 678.2342256895813, 467, 666), (489.36001289096646, 667.7494187176519, 160, 677), (343.55750995454537, 671.8445057099782, 108, 669), (152.90474335811913, 669.5422531377221, 84, 398), (91.4709647211764, 427.4418423845941, 3, 373)]","[(755.2198827613656, 525.3432773213432, 743.3022972216784, 534.3883939336531), (768.8624210597312, 546.0377208563119, 770.5448257870848, 560.1358525029647), (775.6885897468193, 635.8110971238967, 760.767345372453, 634.9616178960107), (75.23252970663674, 417.44929485874536, 61.11904185711405, 413.96778994727555)]"
