Gender,Age,Treatment,Evacuation Time,Collisions,Clicks,Route Choice,Indecisive Time,"Clicks Positions (player.x, player.y, target_x, target_y)","Collision Positions (player.x, player.y, agent.x, agent.y)"
Male ,22,A,33.086,2,36,B,11.317,"[(450, 375, 621, 409), (507.0368276133468, 386.3406557827703, 584, 355), (546.7688428791531, 370.1611328319025, 615, 417), (578.9933326106952, 392.2823844387335, 653, 368), (622.4727214763739, 378.0163287866967, 716, 398), (694.2590279126158, 393.35467678617294, 744, 451), (725.3992619663755, 429.4434137298267, 755, 457), (754.7056404796909, 456.7259682002986, 800, 485), (799.1844332701911, 484.49089997302957, 784, 524), (784.1362776903858, 523.6454125876752, 827, 536), (826.2741982268068, 535.7908025489209, 805, 597), (805.3045228377016, 596.1238401418221, 796, 609), (796.3706387192985, 608.4870877870297, 797, 641), (796.9979549066287, 640.8943501240277, 841, 661), (840.3531365888844, 660.7044317091654, 764, 676), (764.6374568438445, 675.872300404108, 676, 676), (726.5041630852978, 675.9272388734239, 669, 697), (669.2162947170185, 696.9207374447323, 519, 672), (627.8352179458169, 690.0556569863282, 404, 689), (575.4024677339662, 689.808372400904, 374, 680), (468.7555281048212, 684.6146281977248, 352, 644), (376.0132276332066, 652.3532516873576, 266, 661), (320.88989555158446, 656.6857995901718, 257, 673), (265.4681948055925, 670.8376576456229, 212, 665), (215.240008130928, 665.3537440960214, 158, 676), (200.24385420431838, 668.1429277018821, 158, 676), (167.43976748985983, 674.2442668397033, 119, 600), (127.84961137734082, 613.56391540617, 132, 517), (128.38179468946174, 601.1820136122851, 132, 517), (129.97834462582446, 564.0363082306303, 121, 426), (129.17394041943174, 551.6691078609493, 121, 426), (127.9363954865199, 532.6426457537478, 111, 426), (123.89910822395952, 507.2212391923555, 106, 421), (113.82275991550262, 458.6827742130778, 52, 395), (103.19803772433136, 447.73839409640516, 52, 395), (80.62050306809243, 424.48158634847584, 6, 387)]","[(796.3706387192985, 608.4870877870297, 784.8043608732023, 599.1323569628606), (62.73053159617403, 415.49552376612365, 48.66872066608275, 420.477363707522)]"
