Gender,Age,Treatment,Evacuation Time,Collisions,Clicks,Route Choice,Indecisive Time,"Clicks Positions (player.x, player.y, target_x, target_y)","Collision Positions (player.x, player.y, agent.x, agent.y)"
Female,21,A,50.785,3,33,B,19.698,"[(450, 375, 542, 420), (506.52095595582387, 402.6461197610005, 644, 417), (570.9971482508481, 409.3779351362381, 788, 358), (624.8029726199513, 396.63878386654244, 776, 431), (738.2177074444592, 422.413551291222, 771, 452), (767.2343105670899, 448.60141592991965, 783, 394), (782.8376346652572, 394.56232093195933, 765, 444), (768.9247301934969, 433.1224618411614, 791, 376), (788.1692117346523, 383.3250110229731, 738, 377), (745.6061384669192, 377.95893293879084, 770, 405), (768.5946185302637, 403.44210747371073, 770, 405), (769.8717563115606, 404.85783939231743, 783, 466), (782.8805403523903, 465.443640662557, 784, 652), (783.996041333337, 651.3402938265212, 627, 659), (627.8351255776233, 658.9592549182245, 512, 660), (512.4864479127641, 659.995629406277, 407, 655), (423.92570351988445, 655.8015678212603, 368, 674), (399.4489929998205, 663.7663805696538, 365, 669), (371.1734429634343, 668.062107532556, 365, 669), (365.51833295615705, 668.9212529251364, 282, 649), (310.8065348883808, 655.8710934126212, 251, 652), (259.43403688864015, 652.545909317474, 205, 659), (205.4720169396138, 658.9440342788063, 172, 665), (204.5339140411175, 659.113761696383, 172, 665), (204.5339140411175, 659.113761696383, 176, 675), (203.7009732542009, 659.5775009441669, 176, 675), (203.7009732542009, 659.5775009441669, 165, 672), (203.7009732542009, 659.5775009441669, 168, 690), (169.59718117926963, 688.6389658743376, 95, 661), (95.39961079914636, 661.1480596058192, 101, 469), (100.3434302102561, 491.52675779673757, 112, 386), (111.54304852622367, 390.1367750863108, 51, 390), (51.48320178984925, 390.0010916194034, 16, 384)]","[(783.3610638518771, 545.5221989485718, 768.7993900996373, 548.3410857206559), (207.36542114835157, 658.7195386661278, 195.11896899840806, 651.0165847283039), (51.48320178984925, 390.0010916194034, 65.94307946570406, 390.4911209442295)]"
