Gender,Age,Treatment,Evacuation Time,Collisions,Clicks,Route Choice,Indecisive Time,"Clicks Positions (player.x, player.y, target_x, target_y)","Collision Positions (player.x, player.y, agent.x, agent.y)"
Female,21,HA,27.685,1,23,B,8.698,"[(450, 375, 549, 423), (548.6496199522747, 422.8301187647393, 724, 514), (615.4707956568391, 457.5724366960027, 675, 535), (634.6461314532268, 482.5131282881751, 727, 538), (666.5163628805658, 501.66099367228026, 750, 501), (699.8819837336237, 501.3968165830137, 754, 567), (721.1148854163912, 527.1358595056718, 786, 585), (769.4970891041434, 570.2828069924608, 788, 650), (779.6277185451423, 613.9292011723549, 745, 664), (750.8880190499677, 655.4860744591094, 671, 673), (719.2266153348618, 662.4272337691136, 594, 670), (647.8569928554782, 666.7431331134951, 524, 640), (602.1959219049271, 656.884020031683, 466, 667), (520.4344760590021, 662.9568681521672, 383, 665), (460.3811117286731, 663.8496349800475, 304, 659), (412.7373495813706, 662.3721237068735, 260, 669), (260.3474265129396, 668.984923792674, 175, 669), (219.35409381917378, 668.9921650652934, 153, 675), (165.235469517349, 673.8921756446684, 139, 613), (139.20715073150004, 613.4807940913381, 105, 501), (105.08939680581486, 501.2939567748922, 69, 397), (77.34363991408043, 421.112102100974, 36, 379), (41.27850077318166, 384.37661328229086, 8, 380)]","[(450, 375, 461.714500657505, 370.7891432182802)]"
