Gender,Age,Treatment,Evacuation Time,Collisions,Clicks,Route Choice,Indecisive Time,"Clicks Positions (player.x, player.y, target_x, target_y)","Collision Positions (player.x, player.y, agent.x, agent.y)"
Female,24,HA,41.768,1,32,B,15.127,"[(451.3482169294623, 376.3482169294623, 548, 405), (497.0490953957967, 389.8959406687624, 611, 432), (576.6366711949564, 419.3029912324802, 651, 433), (613.2015920741804, 426.03789740080686, 724, 432), (672.2228708218248, 429.2138538609813, 760, 431), (717.0202638742041, 430.12542036341466, 766, 465), (765.168866797318, 464.4082160632491, 748, 433), (748.2499767335431, 433.4573000274622, 778, 481), (777.5807869161962, 480.3300670157687, 792, 531), (791.9320356885493, 530.7611695529765, 774, 465), (779.8935507787335, 486.6130950640928, 794, 578), (793.8551923683782, 577.0618814800638, 788, 661), (789.4104410962358, 640.7803787727659, 735, 645), (735.233115225307, 644.9819215221696, 661, 649), (690.4919424917779, 647.4036647386285, 616, 660), (641.6125049912447, 655.669012124514, 578, 664), (578.2799936726298, 663.9633307336001, 455, 649), (459.98154666334926, 649.6046441767875, 413, 665), (413.77893271739117, 664.7447519888499, 376, 662), (376.69667243501453, 662.0506153274865, 243, 679), (301.9813536861071, 671.5226437283438, 185, 669), (185.70172048543054, 669.0151322473697, 146, 634), (165.68209718906962, 651.3587246989399, 132, 646), (163.79911255335776, 651.0591472641241, 105, 644), (163.79911255335776, 651.0591472641241, 105, 644), (163.79911255335776, 651.0591472641241, 88, 673), (112.51760844952386, 665.9031195972344, 151, 612), (140.21384134897917, 627.1084061134326, 118, 563), (118.05280074517705, 563.152381191606, 108, 503), (108.78131567807762, 507.67511489484673, 77, 425), (85.52061376818672, 447.1653102531984, 130, 462), (129.83431317735787, 461.94474041084516, 12, 380)]","[(450.67410846473115, 375.67410846473115, 458.1970263534415, 363.4793044040548)]"
