Gender,Age,Treatment,Evacuation Time,Collisions,Clicks,Route Choice,Indecisive Time,"Clicks Positions (player.x, player.y, target_x, target_y)","Collision Positions (player.x, player.y, agent.x, agent.y)"
Male,19,A,38.147,4,37,B,10.393,"[(450, 375, 547, 357), (494.0545742917709, 366.8249243582278, 525, 419), (516.4254790049272, 404.54305616190226, 695, 442), (627.4559185493541, 427.8322741038593, 778, 404), (683.010754724262, 419.03752062861537, 740, 539), (704.6917591612586, 464.6760798855367, 813, 521), (809.5711738616254, 519.216895334938, 763, 558), (783.198522335162, 541.1792643206343, 833, 587), (809.1563853656328, 565.0622580889127, 774, 639), (782.1375851730362, 621.8857641066944, 805, 642), (804.3259288121496, 641.4069556088489, 771, 679), (775.2353264704946, 674.2223742385752, 800, 680), (799.3737760453109, 679.8539012578251, 740, 679), (780.3090809086007, 679.5797167905132, 740, 679), (740.2732211215091, 679.0039294091578, 704, 636), (724.2919398882241, 660.0572279921018, 707, 630), (710.505462398641, 636.0932713862516, 646, 679), (669.2293566697934, 663.5486619979052, 592, 662), (592.9780193010901, 662.0196119894057, 464, 663), (531.0131427204259, 662.4906195487312, 464, 657), (486.35611873391304, 658.8317144603459, 442, 641), (458.0510751713721, 647.4527329578685, 385, 648), (446.6113961847366, 647.5384340822842, 427, 670), (427.17424352224094, 669.8004332621869, 376, 631), (396.02796500192375, 646.1852507423354, 302, 665), (338.07019546679277, 657.7824484623394, 248, 644), (264.5657621961803, 646.5348758546047, 250, 688), (253.82320841406656, 677.1162707870819, 163, 691), (212.35821772093, 683.4548346041073, 135, 687), (179.02653425152903, 684.9823559755135, 129, 681), (129.60952984550272, 681.0485215467913, 69, 545), (113.70348519024708, 645.3446666493691, 61, 523), (91.07337558458318, 592.8116471355864, 118, 450), (100.08177750714997, 545.0334816747655, 11, 461), (68.18208107768939, 514.9415523223164, 115, 393), (86.29223390495913, 467.7720027270815, 24, 357), (24.143275156039206, 357.25478097317415, 6, 365)]","[(799.3313671137805, 585.7253511862879, 787.453666537216, 576.5964828974454), (451.3779290958347, 647.5027252804443, 442.4348900644127, 636.028275991631), (40.498264300491584, 386.3382603820978, 52.93234764765208, 378.2464963991872), (24.143275156039206, 357.25478097317415, 32.84905880510867, 369.4418831515596)]"
