Gender,Age,Treatment,Evacuation Time,Collisions,Clicks,Route Choice,Indecisive Time,"Clicks Positions (player.x, player.y, target_x, target_y)","Collision Positions (player.x, player.y, agent.x, agent.y)"
Male,22,H,45.401,1,43,B,21.479,"[(450, 375, 520, 391), (503.9031763567134, 387.32072602439155, 680, 371), (612.1193999387144, 377.29120192545776, 688, 415), (687.247336644719, 414.6259646014992, 744, 417), (743.4448560669895, 416.97677762997694, 681, 427), (695.4393418330761, 424.682295337274, 768, 438), (756.387937819382, 435.86873467587736, 716, 445), (719.1933795912979, 444.2780122506084, 765, 469), (764.4965264794447, 468.728273640442, 742, 441), (742.2728837830635, 441.33634508935137, 772, 480), (767.2594838474452, 473.8343941846501, 721, 436), (735.5275959855653, 447.8817320765157, 742, 477), (741.9401981868406, 476.73096160035715, 782, 461), (774.7728071803965, 463.83802434305153, 704, 445), (735.1587814478614, 453.29372052345605, 783, 489), (782.5269810265007, 488.64696242745015, 750, 451), (758.219532642049, 460.51334635988223, 779, 497), (778.5070831540964, 496.1345292711629, 730, 514), (745.4073630757277, 508.32536907726364, 788, 545), (786.5856489032435, 543.7821649887295, 758, 555), (763.5120606949686, 552.8369080353027, 762, 557), (762.2102424092661, 556.4211485771921, 785, 575), (780.6829368340759, 571.4806086759263, 784, 575), (783.952294847161, 574.9493850154137, 787, 633), (786.951211843694, 632.0707163798671, 759, 632), (759.3046336579125, 632.0007707211263, 793, 700), (777.5058154635101, 668.7318251391176, 695, 661), (695.8767995289297, 661.0821670642447, 648, 659), (648.2551471288564, 659.0110963755612, 556, 695), (579.8678498566852, 685.6891076005209, 516, 678), (516.4524337258961, 678.0544689011501, 443, 696), (447.9214260821065, 694.7976218032921, 372, 660), (372.52370308780945, 660.2400326617561, 305, 669), (305.3995402133599, 668.9481669538355, 220, 673), (220.64821117384759, 672.9692452272163, 163, 666), (163.86167453194037, 666.1041701207524, 141, 614), (156.96689497523505, 650.3902395219358, 123, 622), (124.05050662609027, 622.8780353563618, 128, 569), (127.95350815791983, 569.6342304883775, 90, 532), (98.16771625706882, 540.0990066821538, 96, 489), (96.02620582565761, 489.6177430537889, 64, 424), (68.01022574347735, 432.2164576052394, 54, 416), (54.29877783395832, 416.345827266918, 16, 375)]","[(772.5549512871596, 564.8544462324835, 785.6365612420581, 571.6998965384402)]"
