Gender,Age,Treatment,Evacuation Time,Collisions,Clicks,Route Choice,Indecisive Time,"Clicks Positions (player.x, player.y, target_x, target_y)","Collision Positions (player.x, player.y, agent.x, agent.y)"
Male,21,C,31.682,2,36,B,12.382,"[(450, 375, 581, 363), (496.51856961527267, 370.7387569818063, 662, 385), (548.7582684422582, 375.24079106766624, 752, 381), (650.7240055553442, 378.1301680645697, 751, 507), (687.6073396052918, 425.5308354581836, 753, 438), (728.8116129525476, 433.38772430613324, 766, 489), (757.4280349286472, 476.1813078588765, 766, 478), (765.821204903978, 477.96206549684933, 783, 523), (779.0715828427742, 512.7008030167866, 783, 502), (782.6855501717696, 502.8565448973174, 788, 521), (787.7772430353497, 520.2395109338553, 788, 521), (787.7772430353497, 520.2395109338553, 783, 634), (783.0173737469812, 633.5862789607163, 656, 663), (702.2156109916108, 652.2977389685663, 689, 662), (689.1515732075384, 661.8887222977551, 612, 656), (612.1555277388984, 656.011870913656, 558, 661), (570.3856701598952, 659.8591871567332, 480, 665), (540.8800225937506, 661.5373625985777, 467, 676), (514.6839059939856, 666.6654733165611, 467, 676), (467.9051263515454, 675.8228138843858, 358, 661), (451.84387601585945, 673.6566462780186, 358, 661), (428.224390228086, 670.4711056804197, 358, 661), (409.32880159786725, 667.9226732023405, 320, 664), (375.9942594422481, 666.4588618348184, 284, 669), (341.6873453526299, 667.4065145389245, 266, 670), (302.6236051717994, 668.7450638266847, 180, 674), (272.1449124563721, 670.0512037386644, 172, 673), (220.687215184921, 671.5663906973333, 130, 655), (168.1696285778113, 661.972680531679, 124, 635), (124.23388780247274, 635.1428262174594, 143, 573), (134.15543922425704, 602.2882189699998, 106, 469), (122.92463745533749, 549.1214559349291, 90, 455), (104.03772677271033, 495.1295620538426, 86, 384), (97.46994566282397, 454.6657803587212, 86, 384), (88.15286083251954, 397.2636714423861, 0, 394), (54.80903840430534, 396.02918761496164, 22, 368)]","[(222.5930558246044, 671.510272661827, 215.22043710419481, 684.246810378667), (73.86265122042771, 396.7346069449186, 60.18762039152026, 402.13488492304396)]"
