Gender,Age,Treatment,Evacuation Time,Collisions,Clicks,Route Choice,Indecisive Time,"Clicks Positions (player.x, player.y, target_x, target_y)","Collision Positions (player.x, player.y, agent.x, agent.y)"
Male,23,H,32.054,3,17,B,9.99,"[(450, 375, 534, 377), (506.2307305091962, 376.33882691688615, 595, 396), (594.6544978487992, 395.9234760223407, 746, 465), (728.2141556714222, 456.8822542806814, 764, 533), (748.4945788707975, 500.01942555981464, 818, 531), (782.4538842320926, 515.1560691566775, 788, 582), (787.9718627253324, 581.6608786904718, 779, 644), (782.675478334096, 618.461703577697, 708, 645), (756.6249533593694, 627.7195827256926, 728, 647), (756.6249533593694, 627.7195827256926, 748, 655), (756.0501851426924, 629.537553923175, 748, 655), (756.0501851426924, 629.537553923175, 759, 656), (758.9018053359492, 655.119107086997, 384, 667), (723.6461711618069, 656.2363820860539, 384, 667), (384.4297991078972, 666.9863793742726, 135, 665), (144.19741678196692, 665.0732452940972, 66, 380), (70.30585755141604, 395.69725492823886, 14, 377)]","[(743.6272773029474, 489.66650445282266, 742.4542557380709, 504.53065057244635), (761.5558501636033, 505.84121155860805, 758.7358356545699, 520.5242705150814), (782.9268538172275, 520.8564814024313, 769.2905295713443, 526.766928191468)]"
