Gender,Age,Treatment,Evacuation Time,Collisions,Clicks,Route Choice,Indecisive Time,"Clicks Positions (player.x, player.y, target_x, target_y)","Collision Positions (player.x, player.y, agent.x, agent.y)"
Male,20,H,37.424,1,16,A,14.485,"[(450, 375, 755, 338), (754.7391799087364, 338.0316404700877, 788, 261), (787.6172146058345, 261.8865261523813, 824, 227), (823.3989014803575, 227.57637805897696, 794, 197), (798.9512784363162, 202.14958565527456, 805, 180), (804.9787552268074, 180.07779543472168, 796, 161), (796.0475828322237, 161.10110260458575, 807, 114), (806.8434845670204, 114.67309794313418, 784, 73), (784.389373472728, 73.71032940783826, 692, 86), (692.7234717282439, 85.9037635077644, 562, 83), (562.1490150085056, 83.00331007383821, 454, 97), (454.36791404422917, 96.95238441333792, 297, 89), (297.26837522054353, 89.01356199536443, 89, 85), (119.02813584728176, 85.57867539755225, 105, 302), (109.90180975364284, 226.37654073344427, 39, 351), (39.188339005774026, 350.6689582607844, 12, 381)]","[(801.5942647113477, 204.89842807729644, 789.0810730882964, 197.10976222027523)]"
