Gender,Age,Treatment,Evacuation Time,Collisions,Clicks,Route Choice,Indecisive Time,"Clicks Positions (player.x, player.y, target_x, target_y)","Collision Positions (player.x, player.y, agent.x, agent.y)"
Male,20,C,36.228,4,17,B,15.032,"[(450, 375, 726, 390), (559.4717798971033, 380.9495532552779, 732, 411), (731.3441589239096, 410.8857675728741, 779, 452), (778.2629350297321, 451.3641102576891, 788, 501), (787.9893611103791, 500.94576694786224, 788, 541), (787.9997430022781, 540.0324322357501, 792, 598), (791.9376658639173, 597.0967184709748, 774, 623), (774.0271984323322, 622.9607235046526, 729, 665), (729.4299432568617, 664.5985869856042, 642, 673), (642.1254301102857, 672.9879470336855, 481, 674), (481.96858940048367, 673.9939161448616, 250, 671), (272.2527224956692, 671.287206062333, 134, 669), (134.99150490673023, 669.016403120261, 116, 562), (116.16806257124338, 562.9470261552173, 102, 460), (105.63991344000812, 486.4480949478457, 97, 404), (97.79064731002534, 411.5449094414957, 62, 393), (62.23959770741506, 393.12414745528105, 12, 375)]","[(787.997970484149, 533.359099137818, 773.4726783669555, 536.6511310064355), (767.755709423282, 628.8160480566614, 757.1107222149709, 639.0490584938361), (67.31831907921655, 395.75568488188304, 54.03149195481779, 402.03826683798184), (50.58167121066796, 388.9185011425781, 39.83958023549551, 378.79036118743016)]"
