Gender,Age,Treatment,Evacuation Time,Collisions,Clicks,Route Choice,Indecisive Time,"Clicks Positions (player.x, player.y, target_x, target_y)","Collision Positions (player.x, player.y, agent.x, agent.y)"
Male,22,C,27.318,3,12,B,8.457,"[(450, 375, 675, 477), (674.8841948290595, 476.9475016558403, 766, 613), (725.810493005078, 552.9897435618188, 816, 596), (764.5327248591502, 571.455895306013, 771, 624), (770.9380301456033, 623.4965189440102, 649, 661), (756.3586796524498, 627.9805703459863, 715, 681), (756.3586796524498, 627.9805703459863, 827, 678), (773.4755097607499, 640.1005884216604, 666, 688), (694.2356149786526, 675.4160229987199, 179, 664), (517.9122240577653, 671.5092436002275, 107, 662), (156.6956011783902, 663.1500450699618, 63, 361), (78.48165979874852, 410.92533424321084, 15, 381)]","[(707.7740957344048, 526.058116220119, 711.3351928560985, 540.4302485377758), (761.0907486943438, 569.8144595954179, 775.5610451052279, 566.2230954908916), (767.2512079031862, 635.6933091214153, 779.6453792363956, 627.8876387426974)]"
