Gender,Age,Treatment,Evacuation Time,Collisions,Clicks,Route Choice,Indecisive Time,"Clicks Positions (player.x, player.y, target_x, target_y)","Collision Positions (player.x, player.y, agent.x, agent.y)"
Female,23,C,47.308,7,27,A,21.326,"[(450, 375, 492, 373), (491.8991888170822, 373.0048005325199, 592, 374), (518.5912030261885, 373.2701717918827, 623, 374), (622.5019977700658, 373.9965189132942, 748, 303), (747.7955256473018, 303.1156748871749, 773, 265), (772.5097925891772, 265.74132021309964, 791, 242), (790.6689169076953, 242.4251087906643, 782, 218), (782.059493801614, 218.1676267741711, 796, 187), (795.6829418279887, 187.70886599312269, 810, 136), (809.9285823531309, 136.2579388507844, 784, 98), (784.2560859602177, 98.37785795124154, 731, 95), (731.9279037217817, 95.0588538738455, 681, 92), (681.4921285852397, 92.02955844084245, 625, 77), (628.9788286591269, 78.05855522452515, 579, 96), (579.6289573683279, 95.77421631933498, 496, 96), (496.6892596441359, 95.99813911850292, 413, 100), (418.6051477353581, 99.73197251890478, 368, 97), (368.1519503624547, 97.00820320131531, 232, 102), (289.07841143934775, 99.90730995231131, 180, 77), (180.85255176870305, 77.17904246457542, 121, 51), (153.77597746031276, 65.3359586249114, 145, 136), (145.08137287034293, 135.34478684537123, 109, 338), (137.56157816178967, 177.58058549463559, 118, 362), (121.77412117301446, 326.4189639893583, 99, 379), (104.3447939127188, 366.65990577379034, 68, 370), (68.27014386300583, 369.9751737220126, 24, 362), (24.17330733047444, 362.03122095270595, 10, 373)]","[(450, 375, 455.79929571786, 362.3881330819981), (783.9726989362986, 223.55817833339185, 776.6029278722395, 210.86205572148833), (782.059493801614, 218.1676267741711, 768.4926666626361, 212.03281916683292), (795.6829418279887, 187.70886599312269, 783.1361560139189, 195.86813365359316), (775.693292503019, 97.83474819312217, 761.614468751943, 98.96730625430546), (595.7798243362257, 89.97636359739715, 594.9012544956935, 104.74555103085517), (24.17330733047444, 362.03122095270595, 37.18531671422048, 369.434215689806)]"
