Gender,Age,Treatment,Evacuation Time,Collisions,Clicks,Route Choice,Indecisive Time,"Clicks Positions (player.x, player.y, target_x, target_y)","Collision Positions (player.x, player.y, agent.x, agent.y)"
Male,21,HA,28.784,2,42,B,10.229,"[(450, 375, 414, 397), (423.96921552805725, 390.90770162174283, 473, 465), (445.01347627757025, 422.7084909298354, 517, 459), (475.65926202278763, 438.158352290321, 604, 429), (511.79404271449505, 435.57978638269105, 652, 437), (545.1589976962644, 435.91775606902587, 716, 461), (574.3988779554859, 440.2106471155812, 716, 461), (606.468424046245, 444.918979231158, 720, 458), (634.8804542946957, 448.19259148081414, 720, 458), (668.0278229178882, 452.01180577207964, 763, 516), (710.7215405953059, 480.7770082028134, 724, 522), (720.6594536130747, 511.62927007498484, 749, 509), (748.1879048280931, 509.0753414385306, 761, 545), (757.7950612301012, 536.0134658325449, 782, 549), (781.3167658753633, 548.6334283929278, 783, 574), (782.9579104503243, 573.3657046514624, 780, 585), (780.1390737300691, 584.4529838282734, 772, 610), (772.0360857462949, 609.8867336536392, 761, 701), (767.7946071814606, 644.9041279603057, 663, 657), (734.6480131677126, 648.7300591844928, 600, 657), (704.1987241925854, 650.6002228191014, 512, 660), (664.2065233198207, 652.5561035293255, 433, 667), (629.0018203250937, 654.7554060318471, 383, 663), (599.4650703588387, 655.7453113516085, 383, 663), (561.3531349185097, 657.0226085383974, 382, 677), (529.1390225151525, 660.6108030484183, 292, 664), (498.63547104751143, 661.0467605831591, 256, 670), (460.5280725415076, 662.4529221015247, 198, 673), (423.3780411695026, 663.9454263926585, 148, 675), (390.9907930603066, 665.2455562673643, 112, 662), (356.6731151112782, 664.846331785698, 112, 662), (234.65470462584392, 663.4268669619976, 87, 665), (166.01859997717554, 664.158125231729, 123, 505), (162.53611612640424, 651.2738007503981, 105, 528), (162.53611612640424, 651.2738007503981, 57, 712), (139.39956549199218, 664.5867293983588, 87, 573), (122.35631569474873, 634.7976368249238, 111, 481), (119.4780180317959, 595.8170915019759, 94, 457), (113.9709149547395, 565.8116165547285, 88, 438), (107.70636306956496, 534.9816475362891, 88, 438), (99.54346212827673, 494.8092636637771, 80, 377), (86.90609003318455, 418.63036089844275, 10, 373)]","[(755.8736299496995, 530.625840953742, 744.9687727919976, 539.9242167989288), (757.7950612301012, 536.0134658325449, 744.7644631980862, 541.8606588040974)]"
