Gender,Age,Treatment,Evacuation Time,Collisions,Clicks,Route Choice,Indecisive Time,"Clicks Positions (player.x, player.y, target_x, target_y)","Collision Positions (player.x, player.y, agent.x, agent.y)"
Male,18,H,43.719,2,27,B,18.009,"[(450, 375, 539, 358), (529.5943301596179, 359.79658862119675, 628, 381), (627.4485582586294, 380.88118117469566, 732, 421), (715.5640286983514, 414.6931357053897, 754, 453), (753.377557408939, 452.37964820298583, 746, 481), (746.238612536568, 480.0743311964639, 780, 493), (779.1802294395561, 492.6861478880078, 796, 525), (795.9064685042623, 524.8203089090771, 808, 566), (807.7260845716686, 565.0672904165585, 799, 601), (799.1770864107813, 600.2707846781088, 774, 627), (774.3380537436375, 626.6411057595533, 807, 627), (806.7494304716403, 626.9972467053906, 802, 645), (802.1289151189989, 644.5113462346403, 796, 680), (796.1260476208021, 679.270138305762, 740, 690), (740.8798800136005, 689.8317894942961, 680, 689), (680.8254849904141, 689.0112784345596, 519, 684), (600.7838543970587, 686.5326150937193, 495, 696), (495.38512351968484, 695.9655324281943, 366, 681), (366.5904835433571, 681.068299201454, 264, 674), (291.4552710521991, 675.8916186350945, 203, 666), (203.3444767223611, 666.038521529873, 133, 665), (140.43133253174955, 665.109711510974, 84, 632), (87.80716822677667, 634.2337633369087, 120, 545), (119.83599209235359, 545.4546056376585, 110, 485), (110.03793206527301, 485.23314049315724, 83, 433), (83.30474190080903, 433.5887146428463, 66, 397), (66.18578465005912, 397.392818430058, 20, 384)]","[(788.0648875860064, 612.0680335829658, 773.8690343734597, 608.556557121807), (203.3444767223611, 666.038521529873, 211.60353541788032, 653.9494912975172)]"
