Gender,Age,Treatment,Evacuation Time,Collisions,Clicks,Route Choice,Indecisive Time,"Clicks Positions (player.x, player.y, target_x, target_y)","Collision Positions (player.x, player.y, agent.x, agent.y)"
Male,23,HA,35.122,5,28,A,11.715,"[(450, 375, 527, 394), (487.9484496236128, 384.3639031538782, 556, 376), (522.0121353959616, 380.1772921613548, 575, 348), (567.6440653218001, 352.46694844242217, 610, 321), (609.7333929019765, 321.19806697388753, 664, 300), (663.0126955353426, 300.3856689644816, 686, 278), (685.5512649906387, 278.4369904869786, 740, 237), (739.4141541291546, 237.44584488093034, 760, 189), (759.9198920636586, 189.18852257430052, 758, 152), (758.002992781116, 152.0579705027164, 750, 94), (756.0502759779922, 137.8919231680929, 768, 102), (766.2892820514398, 107.13827407720169, 727, 92), (727.1475683776033, 92.05685852295196, 659, 105), (686.8741848027739, 99.70590769342478, 584, 96), (584.933641129141, 96.03363319816351, 170, 83), (361.0107500100106, 88.99990891498113, 315, 60), (331.9766282506615, 70.70012275056543, 181, 101), (261.87446122427025, 84.76910203848868, 180, 63), (217.65094406635615, 73.01078029668886, 172, 79), (172.2797512693263, 78.96329776199502, 137, 209), (167.28732483934675, 97.36475031659006, 111, 189), (166.28937831339954, 98.98939812738709, 98, 168), (166.28937831339954, 98.98939812738709, 99, 83), (136.6091377149687, 91.93673698918106, 141, 221), (140.98510972021236, 220.56232102676344, 12, 377), (46.375399413096076, 335.3083062097058, 30, 361), (46.375399413096076, 335.3083062097058, 44, 357), (44.09231415162366, 356.1570047973864, 11, 373)]","[(737.1382574049918, 239.1778651178055, 741.3383700159147, 224.85951114019144), (749.4806072970022, 213.75588665767586, 763.1561488259892, 207.98999093853035), (757.3100708719948, 195.33036359514438, 743.1941044777047, 191.65095610785667), (759.9198920636586, 189.18852257430052, 747.9236250190871, 197.73870734468213), (759.9198920636586, 189.18852257430052, 747.4188934396732, 197.4676133802818)]"
